Model,MAE,RMSE,MAPE,Forecast Month 1,Forecast Month 2,Forecast Month 3
SARIMA,21453.7576197469,23170.22468673528,22.72651440526565,55125.101418596416,86226.66849947683,93152.11537731394
Prophet,20544.838133333335,22591.85558482386,22.1446236102084,51408.074,89662.173,90143.834
XGBoost,13953.299791666665,16481.232401927522,13.949082715460317,86440.53125,91658.25,89412.953125
